MANDT;KUNNR;LAND1;NAME1;NAME2;ORT01;PSTLZ;REGIO;SORTL;STRAS;TELF1;TELFX;XCPDK;ADRNR;MCOD1;MCOD2;MCOD3;ANRED;AUFSD;BAHNE;BAHNS;BBBNR;BBSNR;BEGRU;BRSCH;BUBKZ;DATLT;ERDAT;ERNAM;EXABL;FAKSD;FISKN;KNAZK;KNRZA;KONZS;KTOKD;KUKLA;LIFNR;LIFSD;LOCCO;LOEVM;NAME3;NAME4;NIELS;ORT02;PFACH;PSTL2;COUNC;CITYC;RPMKR;SPERR;SPRAS;STCD1;STCD2;STKZA;STKZU;TELBX;TELF2;TELTX;TELX1;LZONE;XZEMP;VBUND;STCEG;DEAR1;DEAR2;DEAR3;DEAR4;DEAR5;GFORM;BRAN1;BRAN2;BRAN3;BRAN4;BRAN5;EKONT;UMSAT;UMJAH;UWAER;JMZAH;JMJAH;KATR1;KATR2;KATR3;KATR4;KATR5;KATR6;KATR7;KATR8;KATR9;KATR10;STKZN;UMSA1;TXJCD;PERIV;ABRVW;INSPBYDEBI;INSPATDEBI;KTOCD;PFORT;WERKS;DTAMS;DTAWS;DUEFL;HZUOR;SPERZ;ETIKG;CIVVE;MILVE;KDKG1;KDKG2;KDKG3;KDKG4;KDKG5;XKNZA;FITYP;STCDT;STCD3;STCD4;STCD5;XICMS;XXIPI;XSUBT;CFOPC;TXLW1;TXLW2;CCC01;CCC02;CCC03;CCC04;BONDED_AREA_CONFIRM;DONATE_MARK;CASSD;KNURL;J_1KFREPRE;J_1KFTBUS;J_1KFTIND;CONFS;UPDAT;UPTIM;NODEL;DEAR6;CVP_XBLCK;SUFRAMA;RG;EXP;UF;RGDATE;RIC;RNE;RNEDATE;CNAE;LEGALNAT;CRTN;ICMSTAXPAY;INDTYP;TDT;COMSIZE;DECREGPC;KNA1_EEW_CUST;RULE_EXCLUSION;_VSO_R_PALHGT;_VSO_R_PAL_UL;_VSO_R_PK_MAT;_VSO_R_MATPAL;_VSO_R_I_NO_LYR;_VSO_R_ONE_MAT;_VSO_R_ONE_SORT;_VSO_R_ULD_SIDE;_VSO_R_LOAD_PREF;_VSO_R_DPOINT;ALC;PMT_OFFICE;FEE_SCHEDULE;DUNS;DUNS4;PSOFG;PSOIS;PSON1;PSON2;PSON3;PSOVN;PSOTL;PSOHS;PSOST;PSOO1;PSOO2;PSOO3;PSOO4;PSOO5;J_1IEXCD;J_1IEXRN;J_1IEXRG;J_1IEXDI;J_1IEXCO;J_1ICSTNO;J_1ILSTNO;J_1IPANNO;J_1IEXCICU;AEDAT;USNAM;J_1ISERN;J_1IPANREF;J_3GETYP;J_3GREFTYP;PSPNR;COAUFNR;J_3GAGEXT;J_3GAGINT;J_3GAGDUMI;J_3GAGSTDI;LGORT;KOKRS;KOSTL;J_3GABGLG;J_3GABGVG;J_3GABRART;J_3GSTDMON;J_3GSTDTAG;J_3GTAGMON;J_3GZUGTAG;J_3GMASCHB;J_3GMEINSA;J_3GKEINSA;J_3GBLSPER;J_3GKLEIVO;J_3GCALID;J_3GVMONAT;J_3GABRKEN;J_3GLABRECH;J_3GAABRECH;J_3GZUTVHLG;J_3GNEGMEN;J_3GFRISTLO;J_3GEMINBE;J_3GFMGUE;J_3GZUSCHUE;J_3GSCHPRS;J_3GINVSTA;_SAPCEM_DBER;_SAPCEM_KVMEQ
100;1000010;US;Congue Incorporated;;Palo Alto;94304-1355;CA;SP1710;3475 Deer Creek;;;;24637;SHIPPING POINT 1710 - ADD;;PALO ALTO;;;;;0;0;;;0;;09.11.2018;S4H_TM_MH;;;;;;;CUST;;;;;;;;;Santa Clara;;;;;;;EN;;;;;;;;;;;;;;;;;;;;;;;;;0;0;;0;0;;;;;;;;;;;;0;7700000000;;;;;;;;;;X;0;;;;;;;;;;;;;;;;;;;;;;;;;;;;;;;;;;;00:00:00;;;;;;;;;0;;;;0;;;;;;;;;0;;;;0;;;0;0;;;;;;;;;;;;;;;;;;;;;;;;;;;;;;;;;;;;;;;;;;;;;;;;0;0;0;;;;;;;;0;;;;;;;0;0;0;;;;
100;1000049;DE;MDG Bupa;;Walldorf;69111;;123;Hauptstr. 10;62271234567;;;24746;MDG BUPA;;WALLDORF;;;;;0;0;;;0;;18.02.2019;MDG_EXPERT;;;;;;;CUST;;;;;;;;;;;;;;;;DE;;;;;;;;;;;;DE123456788;;;;;;;;;;;;;0;0;;0;0;;;;;;;;;;;;0;;;;;;;;;;;X;0;;;;;;;;;;;;;;;;;;;;;;;;;;;;;;;;;;;00:00:00;;;;;;;;;0;;;;0;;;;;;;;;0;;;;0;;;0;0;;;;;;;;;;;;;;;;;;;;;;;;;;;;;;;;;;;;;;;;;;;;;;;;0;0;0;;;;;;;;0;;;;;;;0;0;0;;;;
100;1000050;DE;Reuter GmbH;;Walldorf;69111;;123;Hauptstr. 10;62271234567;;;24751;MDG BUPA COPY;;WALLDORF;;;;;0;0;;;0;;18.02.2019;MDG_EXPERT;X;;;;;;CUST;;;;;;;;;;;;;;;;DE;;;;;;;;;;;;DE123456788;;;;;;;;;;;;;0;0;;0;0;;;;;;;;;;;;0;;;;;;;;;;;X;0;;;;;;;;;;;;;;;;;;;;;;;;;;;;;;;;;;;00:00:00;;;;;;;;;0;;;;0;;;;;;;;;0;;;;0;;;0;0;;;;;;;;;;;;;;;;;;;;;;;;;;;;;;;;;;;;;;;;;;;;;;;;0;0;0;;;;;;;;0;;;;;;;0;0;0;;;;
100;3000000;DE;Vogt und Partner;;Frankfurt;;;MDG;;;;;24728;ABC CUSTOMER 02;;FRANKFURT;;;;;0;0;;;0;;14.02.2019;SAP_WFRT;;;;;;;DEBI;;;;;;;;;;;;;;;;DE;;;;;;;;;;;;;;;;;;;;;;;;;0;0;;0;0;;;;;;;;;;;;0;;;;;;;;;;;X;0;;;;;;;;;;;;;;XGF9992;;;;;;;;;;;;;;;;;;;;;00:00:00;;;;;;;;;0;;;;0;;;;;;;;;0;;;;0;;;0;0;;;;;;;;;;;;;;;;;;;;;;;;;;;;;;;;;;;;;;;;;;;;;;;;0;0;0;;;;;;;;0;;;;;;;0;0;0;;;;
100;3000011;DE;Wolf AG;;Heidelburg;;;;;;;;24767;DEMO COMPANY AS CUSTOMER;;HEIDELBURG;Company;;;;0;0;;;0;;21.02.2019;SAP_WFRT;;;;;;;DEBI;;;;;;;;;;;;;;;;DE;;;;;;;;;;;;;;;;;;;;;;;;;0;0;;0;0;;;;;;;;;;;;0;;;;;;;;;;;X;0;;;;;;;;;;;;;;;;;;;;;;;;;;;;;;;;;;;00:00:00;;;;;;;;;0;;;;0;;;;;;;;;0;;;;0;;;0;0;;;;;;;;;;;;;;;;;;;;;;;;;;;;;;;;;;;;;;;;;;;;;;;;0;0;0;;;;;;;;0;;;;;;;0;0;0;;;;
100;3000020;DE;Phoenix;;Karlsruhe;76131;;AR97;;;;;25185;DEMO COMPANY;;KARLSRUHE;Company;;;;0;0;;;0;;12.11.2019;SAP_WFRT;;;;;;;DEBI;;;;;;;;;;;;;;;;DE;;;;;;;;;;;;;;;;;;;;;;;;;0;0;;0;0;;;;;;;;;;;;0;;;;;;;;;;;X;0;;;;;;;;;;;;;;;;;;;;;;;;;;;;;;;;;;;00:00:00;;;;;;;;;0;;;;0;;;;;;;;;0;;;;0;;;0;0;;;;;;;;;;;;;;;;;;;;;;;;;;;;;;;;;;;;;;;;;;;;;;;;0;0;0;;;;;;;;0;;;;;;;0;0;0;;;;
100;3000030;DE;Wallmann AG;;Heidelberg;69115;;EM;;;;;25265;COMPANY TEST;;HEIDELBERG;Company;;;;0;0;;;0;;18.02.2020;SAP_WFRT;;;;;;;DEBI;;;;;;;;;;;;;;;;DE;;;;;;;;;;;;;;;;;;;;;;;;;0;0;;0;0;;;;;;;;;;;;0;;;;;;;;;;;X;0;;;;;;;;;;;;;;;;;;;;;;;;;;;;;;;;;;;00:00:00;;;;;;;;;0;;;;0;;;;;;;;;0;;;;0;;;0;0;;;;;;;;;;;;;;;;;;;;;;;;;;;;;;;;;;;;;;;;;;;;;;;;0;0;0;;;;;;;;0;;;;;;;0;0;0;;;;
100;10100001;DE;Lausepeter GmbH & Co. KG;;Schöntal;74214;08;;Lindenstraße 2;09990 4513-0;;;23742;INLANDSKUNDE DE 1;;SCHÖNTAL;Company;;;;0;0;;91;0;;17.10.2017;BPINST;;;;;;;CUST;;;;;;KUNDE1;;;;;;;;;;DE;;;;;;;;;0000000002;;;DE1924552022;;;;;;01;;;;;;;0;0;;0;0;;;;;;;;;;;;0;;;;;;;;;;;X;0;;;;;;;;;;;;;;;;;;;;;;;;;;;;;;;;;;;00:00:00;;;;;;;;;0;;;;0;;;;;;;;;0;;;;0;;;0;0;;;;;;;;;;;;;;;;;;;;;;;;;;;;;;;;;;;;;;;;;;;;;;;;0;0;0;;;;;;;;0;;;;;;;0;0;0;;;;
100;10100002;DE;Fink und Söhne;;Chemnitz;09119;SN;KUNDE2;Platnerstraße 45;09990 41252-0;;;23744;INLANDSKUNDE DE 2;;CHEMNITZ;Company;;;;0;0;;91;0;;17.10.2017;BPINST;;;;;;;CUST;;;;;;;;;;;;;;;;DE;;;;;;;;;0000000001;;;DE178562898;;;;;;;;;;;;;0;0;;0;0;;;;;;;;;;;;0;;;;;;;;;;;X;0;;;;;;;;;;;;;;;;;;;;;;;;;;;;;;;;;;;00:00:00;;;;;;;;;0;;;;0;;;;;;;;;0;;;;0;;;0;0;;;;;;;;;;;;;;;;;;;;;;;;;;;;;;;;;;;;;;;;;;;;;;;;0;0;0;;;;;;;;0;;;;;;;0;0;0;;;;
100;10100003;DE;Wohlscheidt GmbH;;Budenheim;55257;RP;KUNDE3;Römerstraße 1230;09990 365-0;;;23768;INLANDSKUNDE DE 3;;BUDENHEIM;Company;;;;0;0;;91;0;;17.10.2017;BPINST;;;;;;;CUST;;;;;;;;;;;;;;;;DE;;;;;;;;;0000000002;;;DE204797706;;;;;;01;;;;;;;0;0;;0;0;;;;;;;;;;;;0;;;;;;;;;;;X;0;;;;;;;;;;;;;;;;;;;;;;;;;;;;;;;;;;;00:00:00;;;;;;;;;0;;;;0;;;;;;;;;0;;;;0;;;0;0;;;;;;;;;;;;;;;;;;;;;;;;;;;;;;;;;;;;;;;;;;;;;;;;0;0;0;;;;;;;;0;;;;;;;0;0;0;;;;
100;10100004;DE;CONTA AG;;Wetzlar;35578;HE;KUNDE4;Lahnbergweg 23;09990 3568-0;;;23770;INLANDSKUNDE DE 4;;WETZLAR;Company;;;;0;0;;91;0;;17.10.2017;BPINST;;;;;;;CUST;;;;;;;;;;;;;;;;DE;;;;;;;;;0000000001;;;DE161882268;;;;;;01;;;;;;;0;0;;0;0;;;;;;;;;;;;0;;;;;;;;;;;X;0;;;;;;;;;;;;;;;;;;;;;;;;;;;;;;;;;;;00:00:00;;;;;;;;;0;;;;0;;;;;;;;;0;;;;0;;;0;0;;;;;;;;;;;;;;;;;;;;;;;;;;;;;;;;;;;;;;;;;;;;;;;;0;0;0;;;;;;;;0;;;;;;;0;0;0;;;;
100;2510100005;DE;Feldmann SE;;Steinhagen;33803;NW;KUNDE5;Heinrichstraße 1020;09990 4513-0;;;23780;INLANDSKUNDE DE 5 (CMS);;STEINHAGEN;Company;;;;0;0;;91;0;;17.10.2017;BPINST;;;;;;;CUST;;;;;;;;;;;;;;;;DE;;;;;;;;;0000000001;;;DE813031031;;;;;;01;;;;;;;0;0;;0;0;;;;;;;;;;;;0;;;;;;;;;;;X;0;;;;;;;;;;;;;;;;;;;;;;;;;;;;;;;;;;;00:00:00;;;;;;;;;0;;;;0;;;;;;;;;0;;;;0;;;0;0;;;;;;;;;;;;;;;;;;;;;;;;;;;;;;;;;;;;;;;;;;;;;;;;0;0;0;;;;;;;;0;;;;;;;0;0;0;;;;
100;10100006;DE;WELLAT GmbH;;Hamburg;22767;HH;KUNDE6;Holstenstraße 1142;09990 25420-0;;;23772;INLANDSKUNDE DE 6 (RETOUR;;HAMBURG;Company;;;;0;0;;91;0;;17.10.2017;BPINST;;;;;;;CUST;;10300006;;;;;;;;;;;;;;DE;;;;;;;;;0000000001;;;DE204894864;;;;;;01;;;;;;;0;0;;0;0;;;;;;;;;;;;0;;;;;;;;;;;X;0;;;;;;;;;;;;;;;;;;;;;;;;;;;;;;;;;;;00:00:00;;;;;;;;;0;;;;0;;;;;;;;;0;;;;0;;;0;0;;;;;;;;;;;;;;;;;;;;;;;;;;;;;;;;;;;;;;;;;;;;;;;;0;0;0;;;;;;;;0;;;;;;;0;0;0;;;;
100;10100007;DE;Quo Vadis;;Alleringersleben;39343;ST;SUBCON;Hauptstraße 12;09990 953-0;;;23807;INLAND-LOHNBEARBEITER A ,;;ALLERINGERSLEBEN;Company;;;;0;0;;91;0;;18.10.2017;BPINST;;;;;;;CUST;;10300007;;;;;;;;;;;;;;DE;;;;;;;;;0000000001;;;DE221983915;;;;;;01;;;;;;;0;0;;0;0;;;;;;;;;;;;0;;;;;;;;;;;X;0;;;;;;;;;;;;;;;;;;;;;;;;;;;;;;;;;;;00:00:00;;;;;;;;;0;;;;0;;;;;;;;;0;;;;0;;;0;0;;;;;;;;;;;;;;;;;;;;;;;;;;;;;;;;;;;;;;;;;;;;;;;;0;0;0;;;;;;;;0;;;;;;;0;0;0;;;;
100;10100008;DE;Reichmann AG;;Wetzlar;35578;HE;KUNDE8;Lahnbergweg 83;09990 28920-0;;;23774;INLANDSKUNDE DE 8;;WETZLAR;Company;;;;0;0;;91;0;;17.10.2017;BPINST;;;;;;;CUST;;;;;;;;;;;;;;;;DE;;;;;;;;;0000000001;;;DE161884265;;;;;;01;;;;;;;0;0;;0;0;;;;;;;;;;;;0;;;;;;;;;;;X;0;;;;;;;;;;;;;;;;;;;;;;;;;;;;;;;;;;;00:00:00;;;;;;;;;0;;;;0;;;;;;;;;0;;;;0;;;0;0;;;;;;;;;;;;;;;;;;;;;;;;;;;;;;;;;;;;;;;;;;;;;;;;0;0;0;;;;;;;;0;;;;;;;0;0;0;;;;
100;10100009;DE;Klöppel & Schmidt;;Wetzlar;35578;HE;KUNDE9;Lahnbergweg 93;09990 4558-0;;;23776;INLANDSKUNDE DE 9;;WETZLAR;Company;;;;0;0;;91;0;;17.10.2017;BPINST;;;;;;;CUST;;;;;;;;;;;;;;;;DE;;;;;;;;;0000000001;;;DE161882378;;;;;;01;;;;;;;0;0;;0;0;;;;;;;;;;;;0;;;;;;;;;;;X;0;;;;;;;;;;;;;;;;;;;;;;;;;;;;;;;;;;;00:00:00;;;;;;;;;0;;;;0;;;;;;;;;0;;;;0;;;0;0;;;;;;;;;;;;;;;;;;;;;;;;;;;;;;;;;;;;;;;;;;;;;;;;0;0;0;;;;;;;;0;;;;;;;0;0;0;;;;
100;10100010;DE;ELISE;;Schöntal;74214;BW;KUNDE10;Lindenstraße 10;09990 45110-0;;;24534;INLANDSKUNDE DE 10;;SCHÖNTAL;Company;;;;0;0;;91;0;;31.10.2018;BPINST;;;;;;;CUST;;;;;;;;;;;;;;;;DE;;;;;;;;;0000000002;;;DE192454022;;;;;;;;;;;;;0;0;;0;0;;;;;;;;;;;;0;;;;;;;;;;;X;0;;;;;;;;;;;;;;;;;;;;;;;;;;;;;;;;;;;00:00:00;;;;;;;;;0;;;;0;;;;;;;;;0;;;;0;;;0;0;;;;;;;;;;;;;;;;;;;;;;;;;;;;;;;;;;;;;;;;;;;;;;;;0;0;0;;;;;;;;0;;;;;;;0;0;0;;;;
100;10100011;DE;SAP SE;;Walldorf;69190;BW;KUNDE11;Dietmar-Hopp-Allee 7;09990 1234-0;;;23823;SAP SE;;WALLDORF;Company;;;;0;0;;63;0;;18.10.2017;BPINST;;;;;;;CUST;;;;;;;;;;;;;;;;DE;;;;;;;;;0000000001;;;DE210157578;;;;;;01;;;;;;;0;0;;0;0;;;;;;;;;;;;0;;;;;;;;;;;X;0;;;;;;;;;;;;;;;;;;;;;;;;;;;;;;;;;;;00:00:00;;;;;;;;;0;;;;0;;;;;;;;;0;;;;0;;;0;0;;;;;;;;;;;;;;;;;;;;;;;;;;;;;;;;;;;;;;;;;;;;;;;;0;0;0;;;;;;;;0;;;;;;;0;0;0;;;;
100;10100012;DE;Pohlschmidt KG;;Heidelberg;69120;BW;INVOICE LI;Ladenburger Strasse 22;09990 365-0;;;24530;INLANDSKUNDE INVOICE LIST;;HEIDELBERG;Company;;;;0;0;;91;0;;30.10.2018;BPINST;;;;;;;CUST;;;;;;;;;;;;;;;;DE;;;;;;;;;0000000002;;;DE204797706;;;;;;01;;;;;;;0;0;;0;0;;;;;;;;;;;;0;;;;;;;;;;;X;0;;;;;;;;;;;;;;;;;;;;;;;;;;;;;;;;;;;00:00:00;;;;;;;;;0;;;;0;;;;;;;;;0;;;;0;;;0;0;;;;;;;;;;;;;;;;;;;;;;;;;;;;;;;;;;;;;;;;;;;;;;;;0;0;0;;;;;;;;0;;;;;;;0;0;0;;;;
100;10100013;DE;Grauwing GmbH;;Bensheim;64625;BW;CUST13;Albert-Einstein-Straße 3;09990 365-0;;;24532;INLANDSKUNDE INVOICE LIST;;BENSHEIM;Company;;;;0;0;;91;0;;30.10.2018;BPINST;;;;;;;CUST;;;;;;;;;;;;;;;;DE;;;;;;;;;0000000002;;;DE204797706;;;;;;01;;;;;;;0;0;;0;0;;;;;;;;;;;;0;;;;;;;;;;;X;0;;;;;;;;;;;;;;;;;;;;;;;;;;;;;;;;;;;00:00:00;;;;;;;;;0;;;;0;;;;;;;;;0;;;;0;;;0;0;;;;;;;;;;;;;;;;;;;;;;;;;;;;;;;;;;;;;;;;;;;;;;;;0;0;0;;;;;;;;0;;;;;;;0;0;0;;;;
100;10100014;DE;Kramikowski KG;;Walldorf;69190;BW;INVOICE LI;Robert-Bosch-Straße 3;09990 365-0;;;24528;PAYER - ZENTRALE WALLDORF;;WALLDORF;Company;;;;0;0;;91;0;;30.10.2018;BPINST;;;;;;;CUST;;;;;;;;;;;;;;;;DE;;;;;;;;;0000000002;;;DE204797706;;;;;;01;;;;;;;0;0;;0;0;;;;;;;;;;;;0;;;;;;;;;;;X;0;;;;;;;;;;;;;;;;;;;;;;;;;;;;;;;;;;;00:00:00;;;;;;;;;0;;;;0;;;;;;;;;0;;;;0;;;0;0;;;;;;;;;;;;;;;;;;;;;;;;;;;;;;;;;;;;;;;;;;;;;;;;0;0;0;;;;;;;;0;;;;;;;0;0;0;;;;
100;10100050;US;Vivamus Corp.;;Baton Rouge;70817-3609;LA;KUNDE50;15400 Confederate Ave;999 236 5237;;;23786;AUSLÄNDISCHER KUNDE 50 (U;;BATON ROUGE;Company;;;;0;0;;91;0;;17.10.2017;BPINST;;;;;;;CUST;;;;;;;;;;;;;;;;EN;;;;;;;;;;;;;;;;;;01;;;;;;;0;0;;0;0;;;;;;;;;;;;0;;;;;;;;;;;X;0;;;;;;;;;;;;;;;;;;;;;;;;;;;;;;;;;;;00:00:00;;;;;;;;;0;;;;0;;;;;;;;;0;;;;0;;;0;0;;;;;;;;;;;;;;;;;;;;;;;;;;;;;;;;;;;;;;;;;;;;;;;;0;0;0;;;;;;;;0;;;;;;;0;0;0;;;;
100;10100051;FR;Vélotique;;Bordeaux;33063;33;KUNDE51;60 Rue de Belfort;9999 32000-0;;;23788;AUSLÄNDISCHER KUNDE 51 (F;;BORDEAUX;Company;;;;0;0;;42;0;;17.10.2017;BPINST;;;;;;;CUST;;;;;;;;;;;;;;;;FR;;;;;;;;;;;;FR10379821994;;;;;;01;;;;;;;0;0;;0;0;;;;;;;;;;;;0;;;;;;;;;;;X;0;;;;;;;;;;;;;;;;;;;;;;;;;;;;;;;;;;;00:00:00;;;;;;;;;0;;;;0;;;;;;;;;0;;;;0;;;0;0;;;;;;;;;;;;;;;;;;;;;;;;;;;;;;;;;;;;;;;;;;;;;;;;0;0;0;;;;;;;;0;;;;;;;0;0;0;;;;
100;10100060;HU;MEGA SPORT;;Budapest;2030;;KUNDE1;Gellért Irodaház 800;0036 4578 335-0;;;23818;FOREIGN DE CUSTOMER 60 (H;;BUDAPEST;Company;;;;0;0;;73;0;;18.10.2017;BPINST;;;;;;;CUST;;;;;;;;;;;;;;;;HU;;;;;;;;;;;;HU12345671;;;;;;01;;;;;;;0;0;;0;0;;;;;;;;;;;;0;;;;;;;;;;;X;0;;;;;;;;;;;;;;;;;;;;;;;;;;;;;;;;;;;00:00:00;;;;;;;;;0;;;;0;;;;;;;;;0;;;;0;;;0;0;;;;;;;;;;;;;;;;;;;;;;;;;;;;;;;;;;;;;;;;;;;;;;;;0;0;0;;;;;;;;0;;;;;;;0;0;0;;;;
100;10100100;DE;POMO AG;;Saarbrücken;66119;SL;KUNDE100;Lohmeyerstraße 1420;09990 9821-0;;;23790;INLANDSKUNDE DE 100 (SEPA;;SAARBRÜCKEN;Company;;;;0;0;;91;0;;17.10.2017;BPINST;;;;;;;CUST;;;;;;;;;;;;;;;;DE;;;;;;;;;0000000002;;;DE275141334;;;;;;01;;;;;;;0;0;;0;0;;;;;;;;;;;;0;;;;;;;;;;;X;0;;;;;;;;;;;;;;;;;;;;;;;;;;;;;;;;;;;00:00:00;;;;;;;;;0;;;;0;;;;;;;;;0;;;;0;;;0;0;;;;;;;;;;;;;;;;;;;;;;;;;;;;;;;;;;;;;;;;;;;;;;;;0;0;0;;;;;;;;0;;;;;;;0;0;0;;;;
100;10100273;DE;Fahrrad Lutz;;Saarbrücken;66119;;;;;;X;23782;INLANDSKUNDE DE CPD;;SAARBRÜCKEN;Company;;;;0;0;;42;0;;17.10.2017;BPINST;;;;;;;CPD;;;;;;;;;;;;;;;;DE;;;;;;;;;0000000002;;;DE192455022;;;;;;01;;;;;;;0;0;;0;0;;;;;;;;;;;;0;;;;;;;;;;;X;0;;;;;;;;;;;;;;;;;;;;;;;;;;;;;;;;;;;00:00:00;;;;;;;;;0;;;;0;;;;;;;;;0;;;;0;;;0;0;;;;;;;;;;;;;;;;;;;;;;;;;;;;;;;;;;;;;;;;;;;;;;;;0;0;0;;;;;;;;0;;;;;;;0;0;0;;;;
100;10154801;DE;JIT;;Hallbergmoos;85399;BY;JIT;Zeppelinstraße 2;06227747474;;;24965;JIT COMPANY;;HALLBERGMOOS;Company;;;;0;0;;91;0;;26.09.2019;BPINST;;;;;;;CUST;;;;;;;;;;;;;;;;DE;;;;;;;;;;;;;;;;;;;;;;;;;0;0;;0;0;;;;;;;;;;;;0;;;;;;;;;;;X;0;;;;;;;;;;;;;;;;;;;;;;;;;;;;;;;;;;;00:00:00;;;;;;;;;0;;;;0;;;;;;;;;0;;;;0;;;0;0;;;;;;;;;;;;;;;;;;;;;;;;;;;;;;;;;;;;;;;;;;;;;;;;0;0;0;;;;;;;;0;;;;;;;0;0;0;;;;
100;10200001;HU;PMP;;Budapest;1032;;BP1;1139 Váci út 71 60;9999 3288-0;;;23820;SUPPLIER/CUSTOMER FOR INT;;BUDAPEST;Company;;;;0;0;;91;0;;18.10.2017;BPINST;;;;;;;CUST;;10200001;;;;;;;;;;;;;;EN;;;;;;;;;;;;HU12345688;;;;;;01;;;;;;;0;0;;0;0;;;;;;;;;;;;0;;;;;;;;;;;X;0;;;;;;;;;;;;;;;;;;;;;;;;;;;;;;;;;;;00:00:00;;;;;;;;;0;;;;0;;;;;;;;;0;;;;0;;;0;0;;;;;;;;;;;;;;;;;;;;;;;;;;;;;;;;;;;;;;;;;;;;;;;;0;0;0;;;;;;;;0;;;;;;;0;0;0;;;;
100;10300010;DE;Radprofis;;Haltern am See;45721;NW;LIEF1;Hullerner Straße 23;09990 5232-0;;;24536;INLANDSLIEFERANT DE 1;;HALTERN AM SEE;Company;;;;0;0;;42;0;;31.10.2018;BPINST;;;;;;;CUST;;10300095;;;;;;;;;;;;;;DE;;;;;;;;;0000000002;;;DE178562898;;;;;;01;;;;;;;0;0;;0;0;;;;;;;;;;;;0;;;;;;;;;;;X;0;;;;;;;;;;;;;;;;;;;;;;;;;;;;;;;;;;;00:00:00;;;;;;;;;0;;;;0;;;;;;;;;0;;;;0;;;0;0;;;;;;;;;;;;;;;;;;;;;;;;;;;;;;;;;;;;;;;;;;;;;;;;0;0;0;;;;;;;;0;;;;;;;0;0;0;;;;
100;12345678;US;Tellus LLC;;Mountain View;94043-1315;;TEST1;;;;;23872;CUST;;MOUNTAIN VIEW;;;;;0;0;;91;0;;26.10.2017;S4H_MG;;;;;;;CUST;;;;;;;;;;;;;;;;EN;;;;;;;;;;;;;;;;;;;;;;;;;0;0;;0;0;;;;;;;;;;;;0;;;;;;;;;;;X;0;;;;;;;;;;;;;;;;;;;;;;;;;;;;;;;;;;;00:00:00;;;;;;;;;0;;;;0;;;;;;;;;0;;;;0;;;0;0;;;;;;;;;;;;;;;;;;;;;;;;;;;;;;;;;;;;;;;;;;;;;;;;0;0;0;;;;;;;;0;;;;;;;0;0;0;;;;
100;17100001;US;Felis Corporation;;Atlanta;30315-1402;CA;CUST1;200 Augusta Ave SE;999 555 6721;;;23422;DOMESTIC US CUSTOMER 1;;ATLANTA;Company;;;;0;0;;91;0;;05.10.2017;BPINST;;;;;;;CUST;;;;;;;;;;;;;;;;EN;;;;;;;;;0000000001;;;;;;;;;01;;;;;;;0;0;;0;0;;;;;;;;;;;;0;GA00000000;;;;;;;;;;X;0;;;;;;;;;;;;;;;;;;;;;;;;;;;;;;;;;;;00:00:00;;;;;;;;;0;;;;0;;;;;;;;;0;;;;0;;;0;0;;;;;;;;;;;;;;;;;;;;;;;;;;;;;;;;;;;;;;;;;;;;;;;;0;0;0;;;;;;;;0;;;;;;;0;0;0;;;;
100;17100002;US;Aliquet LLC;;Chula Vista;91910-1007;CA;CUST2;15 N 4th Ave;999 585 1245;;;23424;DOMESTIC US CUSTOMER 2;;CHULA VISTA;Company;;;;0;0;;91;0;;05.10.2017;BPINST;;;;;;;CUST;;;;;;;;;;;;;;;;EN;;;;;;;;;0000000002;;;;;;;;;;;;;;;;0;0;;0;0;;;;;;;;;;;;0;CA00000000;;;;;;;;;;X;0;;;;;;;;;;;;;;;;;;;;;;;;;;;;;;;;;;;00:00:00;;;;;;;;;0;;;;0;;;;;;;;;0;;;;0;;;0;0;;;;;;;;;;;;;;;;;;;;;;;;;;;;;;;;;;;;;;;;;;;;;;;;0;0;0;;;;;;;;0;;;;;;;0;0;0;;;;
100;17100003;US;Lorem Incorporated;;Houma;70363-5455;LA;CUSTUS3;100 Boundary Rd;999-654-2356;;;23460;DOMESTIC CUSTOMER US 3;;HOUMA;Company;;;;0;0;;91;0;;05.10.2017;BPINST;;;;;;;CUST;;;;;;;;;;;;;;;;EN;;;;;;;;;0000000001;;;;;;;;;;;;;;;;0;0;;0;0;;;;;;;;;;;;0;LA00000000;;;;;;;;;;X;0;;;;;;;;;;;;;;;;;;;;;;;;;;;;;;;;;;;00:00:00;;;;;;;;;0;;;;0;;;;;;;;;0;;;;0;;;0;0;;;;;;;;;;;;;;;;;;;;;;;;;;;;;;;;;;;;;;;;;;;;;;;;0;0;0;;;;;;;;0;;;;;;;0;0;0;;;;
100;17100004;US;Elit LLC;;Kearney;68847-5457;NE;CUSTUS4;1 East 24th St;999-123-5632;;;23462;DOMESTIC CUSTOMER US 4;;KEARNEY;Company;;;;0;0;;91;0;;05.10.2017;BPINST;;;;;;;CUST;;;;;;;;;;;;;;;;EN;;;;;;;;;0000000002;;;;;;;;;;;;;;;;0;0;;0;0;;;;;;;;;;;;0;NE00000000;;;;;;;;;;X;0;;;;;;;;;;;;;;;;;;;;;;;;;;;;;;;;;;;00:00:00;;;;;;;;;0;;;;0;;;;;;;;;0;;;;0;;;0;0;;;;;;;;;;;;;;;;;;;;;;;;;;;;;;;;;;;;;;;;;;;;;;;;0;0;0;;;;;;;;0;;;;;;;0;0;0;;;;
100;17100005;US;Mauris Ltd;;Billings;59101-2614;MT;CUST5;1000 2nd Ave N;999-235-6145;;;23472;DOMESTIC US CUSTOMER 5 (C;;BILLINGS;Company;;;;0;0;;91;0;;05.10.2017;BPINST;;;;;;;CUST;;;;;;;;;;;;;;;;EN;;;;;;;;;0000000001;;;;;;;;;01;;;;;;;0;0;;0;0;;;;;;;;;;;;0;MT00000000;;;;;;;;;;X;0;;;;;;;;;;;;;;;;;;;;;;;;;;;;;;;;;;;00:00:00;;;;;;;;;0;;;;0;;;;;;;;;0;;;;0;;;0;0;;;;;;;;;;;;;;;;;;;;;;;;;;;;;;;;;;;;;;;;;;;;;;;;0;0;0;;;;;;;;0;;;;;;;0;0;0;;;;
100;17100006;US;Dolor Ltd;;Wichita;67202-3723;KS;CUSTUS6;100 S Main St;999-123-5632;;;23464;DOMESTIC CUSTOMER US 6 (R;;WICHITA;Company;;;;0;0;;91;0;;05.10.2017;BPINST;;;;;;;CUST;;17300006;;;;;;;;;;;;;;EN;;;;;;;;;0000000002;;;;;;;;;;;;;;;;0;0;;0;0;;;;;;;;;;;;0;KS00000000;;;;;;;;;;X;0;;;;;;;;;;;;;;;;;;;;;;;;;;;;;;;;;;;00:00:00;;;;;;;;;0;;;;0;;;;;;;;;0;;;;0;;;0;0;;;;;;;;;;;;;;;;;;;;;;;;;;;;;;;;;;;;;;;;;;;;;;;;0;0;0;;;;;;;;0;;;;;;;0;0;0;;;;
100;17100007;US;Elementum Corporation;;Blacksburg;24060-7206;VA;CUST-SUBCO;200 GILES RD;999 326 5303;;;23500;DOMESTIC US SUBCONTRACTOR;;BLACKSBURG;Company;;;;0;0;;91;0;;05.10.2017;BPINST;;;;;;;CUST;;17300007;;;;;;;;;;;;;;EN;;;;;;;;;0000000001;;;;;;;;;;;;;;;;0;0;;0;0;;;;;;;;;;;;0;VA00000000;;;;;;;;;;X;0;;;;;;;;;;;;;;;;;;;;;;;;;;;;;;;;;;;00:00:00;;;;;;;;;0;;;;0;;;;;;;;;0;;;;0;;;0;0;;;;;;;;;;;;;;;;;;;;;;;;;;;;;;;;;;;;;;;;;;;;;;;;0;0;0;;;;;;;;0;;;;;;;0;0;0;;;;
100;17100008;US;Semper Corporation;;Kearney;68847-5457;NE;CUSTUS8;18 East 24th St;999-123-5638;;;23466;DOMESTIC US CUSTOMER 8;;KEARNEY;Company;;;;0;0;;91;0;;05.10.2017;BPINST;;;;;;;CUST;;;;;;;;;;;;;;;;EN;;;;;;;;;0000000002;;;;;;;;;;;;;;;;0;0;;0;0;;;;;;;;;;;;0;NE00000000;;;;;;;;;;X;0;;;;;;;;;;;;;;;;;;;;;;;;;;;;;;;;;;;00:00:00;;;;;;;;;0;;;;0;;;;;;;;;0;;;;0;;;0;0;;;;;;;;;;;;;;;;;;;;;;;;;;;;;;;;;;;;;;;;;;;;;;;;0;0;0;;;;;;;;0;;;;;;;0;0;0;;;;
100;17100009;US;Augue LLC;;Kearney;68847-5457;NE;CUSTUS9;19 East 24th St;999-123-5637;;;23468;DOMESTIC US CUSTOMER 9;;KEARNEY;Company;;;;0;0;;91;0;;05.10.2017;BPINST;;;;;;;CUST;;;;;;;;;;;;;;;;EN;;;;;;;;;0000000002;;;;;;;;;;;;;;;;0;0;;0;0;;;;;;;;;;;;0;NE00000000;;;;;;;;;;X;0;;;;;;;;;;;;;;;;;;;;;;;;;;;;;;;;;;;00:00:00;;;;;;;;;0;;;;0;;;;;;;;;0;;;;0;;;0;0;;;;;;;;;;;;;;;;;;;;;;;;;;;;;;;;;;;;;;;;;;;;;;;;0;0;0;;;;;;;;0;;;;;;;0;0;0;;;;
100;17100010;US;Justo LLC;;Atlanta;30315-1402;GA;CUST10;1000 Augusta Ave SE;999 555 6710;;;24415;DOMESTIC US CUSTOMER 10;;ATLANTA;Company;;;;0;0;;91;0;;09.10.2018;BPINST;;;;;;;CUST;;;;;;;;;;;;;;;;EN;;;;;;;;;0000000001;;;;;;;;;01;;;;;;;0;0;;0;0;;;;;;;;;;;;0;GA00000000;;;;;;;;;;X;0;;;;;;;;;;;;;;;;;;;;;;;;;;;;;;;;;;;00:00:00;;;;;;;;;0;;;;0;;;;;;;;;0;;;;0;;;0;0;;;;;;;;;;;;;;;;;;;;;;;;;;;;;;;;;;;;;;;;;;;;;;;;0;0;0;;;;;;;;0;;;;;;;0;0;0;;;;
100;17100011;US;SAP SE;;Newtown Square;19073-3299;PA;CUST11;3999 West Chester Pike;999-235-9876;;;23511;SAP SE;;NEWTOWN SQUARE;Company;;;;0;0;;63;0;;05.10.2017;BPINST;;;;;;;CUST;;;;;;;;;;;;;;;;EN;;;;;;;;;0000000001;;;;;;;;;01;;;;;;;0;0;;0;0;;;;;;;;;;;;0;PA00000000;;;;;;;;;;X;0;;;;;;;;;;;;;;;;;;;;;;;;;;;;;;;;;;;00:00:00;;;;;;;;;0;;;;0;;;;;;;;;0;;;;0;;;0;0;;;;;;;;;;;;;;;;;;;;;;;;;;;;;;;;;;;;;;;;;;;;;;;;0;0;0;;;;;;;;0;;;;;;;0;0;0;;;;
100;17100012;US;Odio Corp.;;Atlanta;30315-1402;GA;INVOICE LI;22 Augusta Ave SE;999 555 6721;;;24411;DOMESTIC CUSTOMER INVOICE;;ATLANTA;Company;;;;0;0;;91;0;;09.10.2018;BPINST;;;;;;;CUST;;;;;;;;;;;;;;;;EN;;;;;;;;;0000000001;;;;;;;;;;;;;;;;0;0;;0;0;;;;;;;;;;;;0;GA00000000;;;;;;;;;;X;0;;;;;;;;;;;;;;;;;;;;;;;;;;;;;;;;;;;00:00:00;;;;;;;;;0;;;;0;;;;;;;;;0;;;;0;;;0;0;;;;;;;;;;;;;;;;;;;;;;;;;;;;;;;;;;;;;;;;;;;;;;;;0;0;0;;;;;;;;0;;;;;;;0;0;0;;;;
100;17100013;US;Velit LLC;;Atlanta;30315-1402;GA;CUSTUS13;2 Augusta Ave SE;999 555 6721;;;24413;DOMESTIC CUSTOMER INVOICE;;ATLANTA;Company;;;;0;0;;91;0;;09.10.2018;BPINST;;;;;;;CUST;;;;;;;;;;;;;;;;EN;;;;;;;;;0000000001;;;;;;;;;;;;;;;;0;0;;0;0;;;;;;;;;;;;0;GA00000000;;;;;;;;;;X;0;;;;;;;;;;;;;;;;;;;;;;;;;;;;;;;;;;;00:00:00;;;;;;;;;0;;;;0;;;;;;;;;0;;;;0;;;0;0;;;;;;;;;;;;;;;;;;;;;;;;;;;;;;;;;;;;;;;;;;;;;;;;0;0;0;;;;;;;;0;;;;;;;0;0;0;;;;
100;17100014;US;Arcu Corporation;;Atlanta;30315-1402;GA;INVOICE LI;100 Augusta Ave SE;999 555 6721;;;24409;PAYER - CENTRAL;;ATLANTA;Company;;;;0;0;;91;0;;09.10.2018;BPINST;;;;;;;CUST;;;;;;;;;;;;;;;;EN;;;;;;;;;0000000001;;;;;;;;;;;;;;;;0;0;;0;0;;;;;;;;;;;;0;GA00000000;;;;;;;;;;X;0;;;;;;;;;;;;;;;;;;;;;;;;;;;;;;;;;;;00:00:00;;;;;;;;;0;;;;0;;;;;;;;;0;;;;0;;;0;0;;;;;;;;;;;;;;;;;;;;;;;;;;;;;;;;;;;;;;;;;;;;;;;;0;0;0;;;;;;;;0;;;;;;;0;0;0;;;;
100;17100050;DE;Nabe & Speiche;;Gerbrunn;97218;BY;CUST50;Hauptstraße 1;09990  52632-0;;;23476;FOREIGN CUSTOMER 50 (DE);;GERBRUNN;Company;;;;0;0;;91;0;;05.10.2017;BPINST;;;;;;;CUST;;;;;;;;;;;;;;;;DE;;;;;;;;;;;;;;;;;;;;;;;;;0;0;;0;0;;;;;;;;;;;;0;;;;;;;;;;;X;0;;;;;;;;;;;;;;;;;;;;;;;;;;;;;;;;;;;00:00:00;;;;;;;;;0;;;;0;;;;;;;;;0;;;;0;;;0;0;;;;;;;;;;;;;;;;;;;;;;;;;;;;;;;;;;;;;;;;;;;;;;;;0;0;0;;;;;;;;0;;;;;;;0;0;0;;;;
100;17100051;CA;Sport-Gear;;Calgary;T1X 0L3;AB;CUST51;3201 17 Ave E;999 231 1112;;;23478;FOREIGN CUSTOMER 51 (CA);;CALGARY;Company;;;;0;0;;73;0;;05.10.2017;BPINST;;;;;;;CUST;;;;;;;;;;;;;;;;EN;;;;;;;;;;;;;;;;;;;;;;;;;0;0;;0;0;;;;;;;;;;;;0;;;;;;;;;;;X;0;;;;;;;;;;;;;;;;;;;;;;;;;;;;;;;;;;;00:00:00;;;;;;;;;0;;;;0;;;;;;;;;0;;;;0;;;0;0;;;;;;;;;;;;;;;;;;;;;;;;;;;;;;;;;;;;;;;;;;;;;;;;0;0;0;;;;;;;;0;;;;;;;0;0;0;;;;
100;17100100;US;Feugiat LLC;;San Diego;92128-1096;CA;CUSTDD;17 Caminito Pasadero;858 555 6717;;;23426;DOMESTIC US CUSTOMER DIRE;;SAN DIEGO;Company;;;;0;0;;91;0;;05.10.2017;BPINST;;;;;;;CUST;;;;;;;;;;;;;;;;EN;;;;;;;;;0000000001;;;;;;;;;;;;;;;;0;0;;0;0;;;;;;;;;;;;0;CA00000000;;;;;;;;;;X;0;;;;;;;;;;;;;;;;;;;;;;;;;;;;;;;;;;;00:00:00;;;;;;;;;0;;;;0;;;;;;;;;0;;;;0;;;0;0;;;;;;;;;;;;;;;;;;;;;;;;;;;;;;;;;;;;;;;;;;;;;;;;0;0;0;;;;;;;;0;;;;;;;0;0;0;;;;
100;17100273;US;Ornare LLC;;WICHITA;67208-2915;;;;;;X;23474;DOMESTIC US CPD;;WICHITA;Company;;;;0;0;;91;0;;05.10.2017;BPINST;;;;;;;CPD;;;;;;;;;;;;;;;;EN;;;;;;;;;0000000001;;;;;;;;;;;;;;;;0;0;;0;0;;;;;;;;;;;;0;KS00000000;;;;;;;;;;X;0;;;;;;;;;;;;;;;;;;;;;;;;;;;;;;;;;;;00:00:00;;;;;;;;;0;;;;0;;;;;;;;;0;;;;0;;;0;0;;;;;;;;;;;;;;;;;;;;;;;;;;;;;;;;;;;;;;;;;;;;;;;;0;0;0;;;;;;;;0;;;;;;;0;0;0;;;;
100;17154801;US;Vestibulum Corp.;;Newtown Square;19073;PA;JIT;3999 West Chester Pike;16106611000;;;24985;JIT COMPANY;;NEWTOWN SQUARE;Company;;;;0;0;;91;0;;27.09.2019;BPINST;;;;;;;CUST;;;;;;;;;;;;;;;;EN;;;;;;;;;;;;;;;;;;;;;;;;;0;0;;0;0;;;;;;;;;;;;0;PA00000000;;;;;;;;;;X;0;;;;;;;;;;;;;;;;;;;;;;;;;;;;;;;;;;;00:00:00;;;;;;;;;0;;;;0;;;;;;;;;0;;;;0;;;0;0;;;;;;;;;;;;;;;;;;;;;;;;;;;;;;;;;;;;;;;;;;;;;;;;0;0;0;;;;;;;;0;;;;;;;0;0;0;;;;
100;17186001;US;Tortor Incorporated;;Sacramento;95020;CA;CUSTUSTM1;890 5th Street;408-876-2143;;;24066;US TM CUSTOMER1;;SACRAMENTO;;;;;0;0;;91;0;;22.01.2018;S4H_TM_TP;;;;;;;CUST;;;;;;;;;;;;;;;;EN;;0;;;;;;;;;;;;;;;;01;;;;;;;0;0;;0;0;;;;;;;;;;;;0;CA00000000;;;;;;;;;;X;0;;;;;;;;;;;;;;;;;;;;;;;;;;;;;;;;;;;00:00:00;;;;;;;;;0;;;;0;;;;;;;;;0;;;;0;;;0;0;;;;;;;;;;;;;;;;;;;;;;;;;;;;;;;;;;;;;;;;;;;;;;;;0;0;0;;;;;;;;0;;;;;;;0;0;0;;;;
100;17186002;US;Nulla LLC;;Arlington;76017;TX;CUSTUSTM2;1135 W Arkansas Lane;415-361-5356;;;24069;US TM CUSTOMER2;;ARLINGTON;;;;;0;0;;91;0;;22.01.2018;S4H_TM_TP;;;;;;;CUST;;;;;;;;;Tarrant;;;;;;;EN;;0;;;;;;;;;;;;;;;;01;;;;;;;0;0;;0;0;;;;;;;;;;;;0;TX00000000;;;;;;;;;;X;0;;;;;;;;;;;;;;;;;;;;;;;;;;;;;;;;;;;00:00:00;;;;;;;;;0;;;;0;;;;;;;;;0;;;;0;;;0;0;;;;;;;;;;;;;;;;;;;;;;;;;;;;;;;;;;;;;;;;;;;;;;;;0;0;0;;;;;;;;0;;;;;;;0;0;0;;;;
100;17186003;US;Faucibus Ltd;;Fort Worth;76104;TX;CUSTUSTM3;500 Bryan Avenue;817-871-4546;;;24071;US TM CUSTOMER3;;FORT WORTH;;;;;0;0;;91;0;;22.01.2018;S4H_TM_TP;;;;;;;CUST;;;;;;;;;Tarrant;;;;;;;EN;;0;;;;;;;;;;;;;;;;01;;;;;;;0;0;;0;0;;;;;;;;;;;;0;TX00000000;;;;;;;;;;X;0;;;;;;;;;;;;;;;;;;;;;;;;;;;;;;;;;;;00:00:00;;;;;;;;;0;;;;0;;;;;;;;;0;;;;0;;;0;0;;;;;;;;;;;;;;;;;;;;;;;;;;;;;;;;;;;;;;;;;;;;;;;;0;0;0;;;;;;;;0;;;;;;;0;0;0;;;;
100;17186004;US;Curabitur Ltd;;Santa Cruz;95064;CA;CUSTUSTM4;1656 High St;831-456-1234;;;24074;US TM CUSTOMER4;;SANTA CRUZ;;;;;0;0;;91;0;;22.01.2018;S4H_TM_TP;;;;;;;CUST;;;;;;;;;Santa Cruz;;;;;;;EN;;;;;;;;;;;;;;;;;;01;;;;;;;0;0;;0;0;;;;;;;;;;;;0;CA00000000;;;;;;;;;;X;0;;;;;;;;;;;;;;;;;;;;;;;;;;;;;;;;;;;00:00:00;;;;;;;;;0;;;;0;;;;;;;;;0;;;;0;;;0;0;;;;;;;;;;;;;;;;;;;;;;;;;;;;;;;;;;;;;;;;;;;;;;;;0;0;0;;;;;;;;0;;;;;;;0;0;0;;;;
100;17186005;US;Lobortis Corp.;;Hollister;95023;CA;CUSTUSTM5;1804 McCray;408-467-8605;;;24085;US TM CUSTOMER5;;HOLLISTER;;;;;0;0;;91;0;;23.01.2018;S4H_TM_TP;;;;;;;CUST;;;;;;;;;San Benito;;;;;;;EN;;;;;;;;;;;;;;;;;;01;;;;;;;0;0;;0;0;;;;;;;;;;;;0;CA00000000;;;;;;;;;;X;0;;;;;;;;;;;;;;;;;;;;;;;;;;;;;;;;;;;00:00:00;;;;;;;;;0;;;;0;;;;;;;;;0;;;;0;;;0;0;;;;;;;;;;;;;;;;;;;;;;;;;;;;;;;;;;;;;;;;;;;;;;;;0;0;0;;;;;;;;0;;;;;;;0;0;0;;;;
100;17186006;US;Novum Incorporated;;Pescadero;94060;CA;CUSTUSTM6;2500 Rossi Road;650-789-1100;;;24087;US TM CUSTOMER6;;PESCADERO;;;;;0;0;;91;0;;23.01.2018;S4H_TM_TP;;;;;;;CUST;;;;;;;;;San Mateo;;;;;;;EN;;;;;;;;;;;;;;;;;;01;;;;;;;0;0;;0;0;;;;;;;;;;;;0;CA00000000;;;;;;;;;;X;0;;;;;;;;;;;;;;;;;;;;;;;;;;;;;;;;;;;00:00:00;;;;;;;;;0;;;;0;;;;;;;;;0;;;;0;;;0;0;;;;;;;;;;;;;;;;;;;;;;;;;;;;;;;;;;;;;;;;;;;;;;;;0;0;0;;;;;;;;0;;;;;;;0;0;0;;;;
100;17186007;US;Luctus Corporation;;San Francisco;94103;CA;CUSTUSTM7;7531 Market Street;415-588-3434;;;24089;US TM CUSTOMER7;;SAN FRANCISCO;;;;;0;0;;91;0;;23.01.2018;S4H_TM_TP;;;;;;;CUST;;;;;;;;;San Francisco;;;;;;;EN;;;;;;;;;;;;;;;;;;01;;;;;;;0;0;;0;0;;;;;;;;;;;;0;CA00000000;;;;;;;;;;X;0;;;;;;;;;;;;;;;;;;;;;;;;;;;;;;;;;;;00:00:00;;;;;;;;;0;;;;0;;;;;;;;;0;;;;0;;;0;0;;;;;;;;;;;;;;;;;;;;;;;;;;;;;;;;;;;;;;;;;;;;;;;;0;0;0;;;;;;;;0;;;;;;;0;0;0;;;;
100;17186008;US;Magna Incorporated;;Sacramento;95837;CA;CUSTUSTM8;8900 Airport Boulevard;;;;24092;US TM CUSTOMER8;;SACRAMENTO;;;;;0;0;;91;0;;23.01.2018;S4H_TM_TP;;;;;;;CUST;;;;;;;;;Sacramento;;;;;;;EN;;0;;;;;;;;;;;;;;;;01;;;;;;;0;0;;0;0;;;;;;;;;;;;0;CA00000000;;;;;;;;;;X;0;;;;;;;;;;;;;;;;;;;;;;;;;;;;;;;;;;;00:00:00;;;;;;;;;0;;;;0;;;;;;;;;0;;;;0;;;0;0;;;;;;;;;;;;;;;;;;;;;;;;;;;;;;;;;;;;;;;;;;;;;;;;0;0;0;;;;;;;;0;;;;;;;0;0;0;;;;
100;17186009;US;Rutrum Ltd;;Stockton;95206;CA;CUSTUSTM9;9801 Park Avenue;209-989-2131;;;24101;US TM CUSTOMER9;;STOCKTON;;;;;0;0;;91;0;;23.01.2018;S4H_TM_TP;;;;;;;CUST;;;;;;;;;San Joaquin;;;;;;;EN;;;;;;;;;;;;;;;;;;01;;;;;;;0;0;;0;0;;;;;;;;;;;;0;CA00000000;;;;;;;;;;X;0;;;;;;;;;;;;;;;;;;;;;;;;;;;;;;;;;;;00:00:00;;;;;;;;;0;;;;0;;;;;;;;;0;;;;0;;;0;0;;;;;;;;;;;;;;;;;;;;;;;;;;;;;;;;;;;;;;;;;;;;;;;;0;0;0;;;;;;;;0;;;;;;;0;0;0;;;;
100;17186010;US;Corona Incorporated;;Los Angeles;90015;CA;CUSTUSTM10;111 Rossi Road;310-828-5582;;;24103;US TM CUSTOMER10;;LOS ANGELES;;;;;0;0;;91;0;;23.01.2018;S4H_TM_TP;;;;;;;CUST;;;;;;;;;Los Angeles;;;;;;;EN;;0;;;;;;;;;;;;;;;;01;;;;;;;0;0;;0;0;;;;;;;;;;;;0;CA00000000;;;;;;;;;;X;0;;;;;;;;;;;;;;;;;;;;;;;;;;;;;;;;;;;00:00:00;;;;;;;;;0;;;;0;;;;;;;;;0;;;;0;;;0;0;;;;;;;;;;;;;;;;;;;;;;;;;;;;;;;;;;;;;;;;;;;;;;;;0;0;0;;;;;;;;0;;;;;;;0;0;0;;;;
100;17186011;US;Sagittis LLP;;Long Beach;90813;CA;CUSTUSTM11;8989 Market Street;562-591-5585;;;24105;US TM CUSTOMER11;;LONG BEACH;;;;;0;0;;91;0;;23.01.2018;S4H_TM_TP;;;;;;;CUST;;;;;;;;;Los Angeles;;;;;;;EN;;0;;;;;;;;;;;;;;;;01;;;;;;;0;0;;0;0;;;;;;;;;;;;0;CA00000000;;;;;;;;;;X;0;;;;;;;;;;;;;;;;;;;;;;;;;;;;;;;;;;;00:00:00;;;;;;;;;0;;;;0;;;;;;;;;0;;;;0;;;0;0;;;;;;;;;;;;;;;;;;;;;;;;;;;;;;;;;;;;;;;;;;;;;;;;0;0;0;;;;;;;;0;;;;;;;0;0;0;;;;
100;17186012;US;Fames Incorporated;;San Diego;92101;CA;CUSTUSTM12;2222 Airport Boulevard;619-282-7500;;;24107;US TM CUSTOMER12;;SAN DIEGO;;;;;0;0;;91;0;;23.01.2018;S4H_TM_TP;;;;;;;CUST;;;;;;;;;San Diego;;;;;;;EN;;;;;;;;;;;;;;;;;;01;;;;;;;0;0;;0;0;;;;;;;;;;;;0;CA00000000;;;;;;;;;;X;0;;;;;;;;;;;;;;;;;;;;;;;;;;;;;;;;;;;00:00:00;;;;;;;;;0;;;;0;;;;;;;;;0;;;;0;;;0;0;;;;;;;;;;;;;;;;;;;;;;;;;;;;;;;;;;;;;;;;;;;;;;;;0;0;0;;;;;;;;0;;;;;;;0;0;0;;;;
100;17300001;US;Ornatelli Corp.;;Muncie;47305-2757;IN;SUPL1;198 S Ohio Ave;999 856 4321;;;25068;DOMESTIC US SUPPLIER 1;;MUNCIE;Company;;;;0;0;;91;0;;15.10.2019;S4H_FIN;;;;;;;CUST;;;;;;;;;;;;;;;;EN;;;;;;;;;;;;;;;;;;01;;;;;;;0;0;;0;0;;;;;;;;;;;;0;IN00000000;;;;;;;;;;X;0;;;;;;;;;;;;;;;;;;;;;;;;;;;;;;;;;;;00:00:00;;;;;;;;;0;;;;0;;;;;;;;;0;;;;0;;;0;0;;;;;;;;;;;;;;;;;;;;;;;;;;;;;;;;;;;;;;;;;;;;;;;;0;0;0;;;;;;;;0;;;;;;;0;0;0;;;;
100;17300010;US;Eleifend Corp.;;Muncie;47305-2757;IN;SUPL10;198 S Ohio Ave;999 856 4321;;;24417;DOMESTIC US SUPPLIER 10;;MUNCIE;Company;;;;0;0;;91;0;;09.10.2018;BPINST;;;;;;;CUST;;17300010;;;;;;;;;;;;;;EN;;;;;;;;;0000000001;;;;;;;;;01;;;;;;;0;0;;0;0;;;;;;;;;;;;0;IN00000000;;;;;;;;;;X;0;;;;;;;;;;;;;;;;;;;;;;;;;;;;;;;;;;;00:00:00;;;;;;;;;0;;;;0;;;;;;;;;0;;;;0;;;0;0;;;;;;;;;;;;;;;;;;;;;;;;;;;;;;;;;;;;;;;;;;;;;;;;0;0;0;;;;;;;;0;;;;;;;0;0;0;;;;
100;17300095;US;Tristique Corporation;;Muncie;47305-2757;IN;SUPL10;198 S Ohio Ave;999 856 4321;;;24421;US - SALES COMMISSION REC;;MUNCIE;Company;;;;0;0;;91;0;;09.10.2018;BPINST;;;;;;;CUST;;;;;;;;;;;;;;;;EN;;;;;;;;;;;;;;;;;;;;;;;;;0;0;;0;0;;;;;;;;;;;;0;IN00000000;;;;;;;;;;X;0;;;;;;;;;;;;;;;;;;;;;;;;;;;;;;;;;;;00:00:00;;;;;;;;;0;;;;0;;;;;;;;;0;;;;0;;;0;0;;;;;;;;;;;;;;;;;;;;;;;;;;;;;;;;;;;;;;;;;;;;;;;;0;0;0;;;;;;;;0;;;;;;;0;0;0;;;;
100;17411710;US;Fringilla LLP;;Palo Alto;94304;CA;PLNT1710;3475 Deer Creek;;;;24109;PLANT 1710 US;;PALO ALTO;;;;;0;0;;91;0;;23.01.2018;S4H_TM_TP;;;;;;;CUST;;;;;;;;;Santa Clara;;;;;;;EN;;;;;;;;;;;;;;;;;;01;;;;;;;0;0;;0;0;;;;;;;;;;;;0;;;;;;;;;;;X;0;;;;;;;;;;;;;;;;;;;;;;;;;;;;;;;;;;;00:00:00;;;;;;;;;0;;;;0;;;;;;;;;0;;;;0;;;0;0;;;;;;;;;;;;;;;;;;;;;;;;;;;;;;;;;;;;;;;;;;;;;;;;0;0;0;;;;;;;;0;;;;;;;0;0;0;;;;
100;17411720;US;Dictum Corporation;;Sacramento;95834;CA;PLNT1720;3936 El Centro Rd;;;;24639;PLANT 1720 US;;SACRAMENTO;;;;;0;0;;91;0;;10.11.2018;S4H_TM_MH;;;;;;;CUST;;;;;;;;;;;;;;;;EN;;;;;;;;;;;;;;;;;;;;;;;;;0;0;;0;0;;;;;;;;;;;;0;;;;;;;;;;;X;0;;;;;;;;;;;;;;;;;;;;;;;;;;;;;;;;;;;00:00:00;;;;;;;;;0;;;;0;;;;;;;;;0;;;;0;;;0;0;;;;;;;;;;;;;;;;;;;;;;;;;;;;;;;;;;;;;;;;;;;;;;;;0;0;0;;;;;;;;0;;;;;;;0;0;0;;;;
100;BP1010;DE;Zweirad Schumann;;Walldorf;69190;BW;EWM;Neurottstr. 16;09990 3689-0;;;23836;WERK 1;;WALLDORF;Company;;;;0;0;;42;0;;18.10.2017;BPINST;;;;;;;CUST;;;;;;;;;;;;;;;;DE;;;;;;;;;;;;;;;;;;;;;;;;;0;0;;0;0;;;;;;;;;;;;0;;;;;;;;;;;X;0;;;;;;;;;;;;;;;;;;;;;;;;;;;;;;;;;;;00:00:00;;;;;;;;;0;;;;0;;;;;;;;;0;;;;0;;;0;0;;;;;;;;;;;;;;;;;;;;;;;;;;;;;;;;;;;;;;;;;;;;;;;;0;0;0;;;;;;;;0;;;;;;;0;0;0;;;;
100;BP1710;US;Iudex Corporation;;Palo Alto;94304;CA;EWM;3475 Deer Creek;999 555 6727;;;23522;PLANT 1;;PALO ALTO;Company;;;;0;0;;91;0;;05.10.2017;BPINST;;;;;;;CUST;;;;;;;;;;;;;;;;DE;;;;;;;;;;;;;;;;;;;;;;;;;0;0;;0;0;;;;;;;;;;;;0;;;;;;;;;;;X;0;;;;;;;;;;;;;;;;;;;;;;;;;;;;;;;;;;;00:00:00;;;;;;;;;0;;;;0;;;;;;;;;0;;;;0;;;0;0;;;;;;;;;;;;;;;;;;;;;;;;;;;;;;;;;;;;;;;;;;;;;;;;0;0;0;;;;;;;;0;;;;;;;0;0;0;;;;
100;EWM10-CU01;DE;Fahrrad Grabowski;;Leipzig;04249;SN;EWM;Knautnaundorfer Straße 204;09990 4513-0;;;23828;EWM-KUNDE 01 (INLAND);;LEIPZIG;Company;;;;0;0;;42;0;;18.10.2017;BPINST;;;;;;;CUST;;;;;;;;;;;;;;;;DE;;;;;;;;;0000000001;;;;;;;;;;;;;;;;0;0;;0;0;;;;;;;;;;;;0;;;;;;;;;;;X;0;;;;;;;;;;;;;;;;;;;;;;;;;;;;;;;;;;;00:00:00;;;;;;;;;0;;;;0;;;;;;;;;0;;;;0;;;0;0;;;;;;;;;;;;;;;;;;;;;;;;;;;;;;;;;;;;;;;;;;;;;;;;0;0;0;;;;;;;;0;;;;;;;0;0;0;;;;
100;EWM10-CU02;DE;Bikes & More;;Hamburg;22525;HH;EWM;Rondenburg 12;09990 9821-0;;;23830;EWM-KUNDE 02 (INLAND);;HAMBURG;Company;;;;0;0;;42;0;;18.10.2017;BPINST;;;;;;;CUST;;;;;;;;;;;;;;;;DE;;;;;;;;;0000000001;;;;;;;;;;;;;;;;0;0;;0;0;;;;;;;;;;;;0;;;;;;;;;;;X;0;;;;;;;;;;;;;;;;;;;;;;;;;;;;;;;;;;;00:00:00;;;;;;;;;0;;;;0;;;;;;;;;0;;;;0;;;0;0;;;;;;;;;;;;;;;;;;;;;;;;;;;;;;;;;;;;;;;;;;;;;;;;0;0;0;;;;;;;;0;;;;;;;0;0;0;;;;
100;EWM10-CU03;DE;Spielwaren Hammerschmidt;;München;81514;BY;EWM;Balaustraße 75;09990 2542-0;;;23832;EWM-KUNDE 03 (INLAND);;MÜNCHEN;Company;;;;0;0;;91;0;;18.10.2017;BPINST;;;;;;;CUST;;;;;;;;;;;;;;;;DE;;;;;;;;;0000000001;;;;;;;;;;;;;;;;0;0;;0;0;;;;;;;;;;;;0;;;;;;;;;;;X;0;;;;;;;;;;;;;;;;;;;;;;;;;;;;;;;;;;;00:00:00;;;;;;;;;0;;;;0;;;;;;;;;0;;;;0;;;0;0;;;;;;;;;;;;;;;;;;;;;;;;;;;;;;;;;;;;;;;;;;;;;;;;0;0;0;;;;;;;;0;;;;;;;0;0;0;;;;
100;EWM17-CU01;US;Praesent Corp.;;Atlanta;30344;GA;EWM;500 Main Street;999 555 1007;;;23516;EWM DOMESTIC CUSTOMER 01;;ATLANTA;Company;;;;0;0;;91;0;;05.10.2017;BPINST;;;;;;;CUST;;;;;;;;;;;;;;;;EN;;;;;;;;;0000000001;;;;;;;;;;;;;;;;0;0;;0;0;;;;;;;;;;;;0;GA00000000;;;;;;;;;;X;0;;;;;;;;;;;;;;;;;;;;;;;;;;;;;;;;;;;00:00:00;;;;;;;;;0;;;;0;;;;;;;;;0;;;;0;;;0;0;;;;;;;;;;;;;;;;;;;;;;;;;;;;;;;;;;;;;;;;;;;;;;;;0;0;0;;;;;;;;0;;;;;;;0;0;0;;;;
100;EWM17-CU02;US;SINE LLP;;Atlanta;30344;GA;EWM;100 Piedmont Avenue Southeast;999 555 1008;;;23518;EWM DOMESTIC CUSTOMER 02;;ATLANTA;Company;;;;0;0;;91;0;;05.10.2017;BPINST;;;;;;;CUST;;;;;;;;;;;;;;;;EN;;;;;;;;;0000000001;;;;;;;;;;;;;;;;0;0;;0;0;;;;;;;;;;;;0;GA00000000;;;;;;;;;;X;0;;;;;;;;;;;;;;;;;;;;;;;;;;;;;;;;;;;00:00:00;;;;;;;;;0;;;;0;;;;;;;;;0;;;;0;;;0;0;;;;;;;;;;;;;;;;;;;;;;;;;;;;;;;;;;;;;;;;;;;;;;;;0;0;0;;;;;;;;0;;;;;;;0;0;0;;;;
100;EWM17-CU03;US;SED Corporation;;Palo Alto;94304;CA;EWM;800 Sand Hill Road;999 585 1234;;;23520;EWM DOMESTIC CUSTOMER 03;;PALO ALTO;Company;;;;0;0;;91;0;;05.10.2017;BPINST;;;;;;;CUST;;;;;;;;;;;;;;;;EN;;;;;;;;;0000000001;;;;;;;;;;;;;;;;0;0;;0;0;;;;;;;;;;;;0;CA00000000;;;;;;;;;;X;0;;;;;;;;;;;;;;;;;;;;;;;;;;;;;;;;;;;00:00:00;;;;;;;;;0;;;;0;;;;;;;;;0;;;;0;;;0;0;;;;;;;;;;;;;;;;;;;;;;;;;;;;;;;;;;;;;;;;;;;;;;;;0;0;0;;;;;;;;0;;;;;;;0;0;0;;;;
100;MDGC_MULT1;DE;Radsport Knoop;;Frankfurt;;;MDG;;;;;24729;ABC CUSTOMER 02;;FRANKFURT;;;;;0;0;;73;0;;14.02.2019;SAP_WFRT;;;;;;;KUNA;;;;;;;;;;;;;;;;DE;;;;;;;;;;;;;;;;;;;;;;;;;0;0;;0;0;;;;;;;;;;;;0;;;;;;;;;;;X;0;;;;;;;;;;;;;;XGF9992;;;;;;;;;;;;;;;;;;;;;00:00:00;;;;;;;;;0;;;;0;;;;;;;;;0;;;;0;;;0;0;;;;;;;;;;;;;;;;;;;;;;;;;;;;;;;;;;;;;;;;;;;;;;;;0;0;0;;;;;;;;0;;;;;;;0;0;0;;;;
100;MDG_CU01;US;AD LLP;;New York;;;MDG;;;;;24725;ABC CUSTOMER 01;;NEW YORK;;;;;0;0;;91;0;;13.02.2019;MDG_EXPERT;;;;;;;KUNA;;;;;;;;;;;;;;;;EN;;;;;;;;;;;;;;;;;;;;;;;;;0;0;;0;0;;;;;;;;;;;;0;;;;;;;;;;;X;0;;;;;;;;;;;;;;;;;;;;;;;;;;;;;;;;;;;00:00:00;;;;;;;;;0;;;;0;;;;;;;;;0;;;;0;;;0;0;;;;;;;;;;;;;;;;;;;;;;;;;;;;;;;;;;;;;;;;;;;;;;;;0;0;0;;;;;;;;0;;;;;;;0;0;0;;;;
100;MDG_CU02;US;Nascetur Corp.;;New Delphi;;;MDG;;;;;24769;ABC COMPANY 02;;NEW DELPHI;;;;;0;0;;91;0;;21.02.2019;SAP_WFRT;;;;;;;DEBI;;;;;;;;;;;;;;;;EN;;;;;;;;;;;;;;;;;;;;;;;;;0;0;;0;0;;;;;;;;;;;;0;;;;;;;;;;;X;0;;;;;;;;;;;;;;;;;;;;;;;;;;;;;;;;;;;00:00:00;;;;;;;;;0;;;;0;;;;;;;;;0;;;;0;;;0;0;;;;;;;;;;;;;;;;;;;;;;;;;;;;;;;;;;;;;;;;;;;;;;;;0;0;0;;;;;;;;0;;;;;;;0;0;0;;;;
100;MDG_CU03;US;Ligula Corporation;;New York;;;MDG;;;;;24771;ABC COMPANY 03;;NEW YORK;Company;;;;0;0;;91;0;;21.02.2019;SAP_WFRT;;;;;;;DEBI;;;;;;;;;;;;;;;;EN;;;;;;;;;;;;;;;;;;;;;;;;;0;0;;0;0;;;;;;;;;;;;0;;;;;;;;;;;X;0;;;;;;;;;;;;;;;;;;;;;;;;;;;;;;;;;;;00:00:00;;;;;;;;;0;;;;0;;;;;;;;;0;;;;0;;;0;0;;;;;;;;;;;;;;;;;;;;;;;;;;;;;;;;;;;;;;;;;;;;;;;;0;0;0;;;;;;;;0;;;;;;;0;0;0;;;;
100;MDG_CU04;US;Orci LLP;;DC;;;;;;;;24773;ABC COMPANY 04;;DC;Company;;;;0;0;;91;0;;21.02.2019;SAP_WFRT;;;;;;;DEBI;;;;;;;;;;;;;;;;EN;;;;;;;;;;;;;;;;;;;;;;;;;0;0;;0;0;;;;;;;;;;;;0;;;;;;;;;;;X;0;;;;;;;;;;;;;;;;;;;;;;;;;;;;;;;;;;;00:00:00;;;;;;;;;0;;;;0;;;;;;;;;0;;;;0;;;0;0;;;;;;;;;;;;;;;;;;;;;;;;;;;;;;;;;;;;;;;;;;;;;;;;0;0;0;;;;;;;;0;;;;;;;0;0;0;;;;
100;MDG_CU05;US;Ullamcorper LLC;;Los Angeles;;;MDG;;;;;24775;ABC COMPANY 05;;LOS ANGELES;Company;;;;0;0;;91;0;;21.02.2019;SAP_WFRT;;;;;;;DEBI;;;;;;;;;;;;;;;;EN;;;;;;;;;;;;;;;;;;;;;;;;;0;0;;0;0;;;;;;;;;;;;0;;;;;;;;;;;X;0;;;;;;;;;;;;;;;;;;;;;;;;;;;;;;;;;;;00:00:00;;;;;;;;;0;;;;0;;;;;;;;;0;;;;0;;;0;0;;;;;;;;;;;;;;;;;;;;;;;;;;;;;;;;;;;;;;;;;;;;;;;;0;0;0;;;;;;;;0;;;;;;;0;0;0;;;;
100;USCU_L01;US;Skymart Corp;;New york;10007;NY;CBK01;;;;;23644;SKYMART CORP;;NEW YORK;Company;;;;0;0;;91;0;;08.10.2017;BPINST;;;;;;;KUNA;;;;;;;;;NEW YORK;;;;;;;EN;;0;;;;;;;;;;;;;;;;;;;;;;;0;0;;0;0;;;;;;;;;;;;0;NY00000000;;;;;;;;;;X;0;;;;;;;;;;;;;;;;;;;;;;;;;;;;;;;;;;;00:00:00;;;;;;;;;0;;;;0;;;;;;;;;0;;;;0;;;0;0;;;;;;;;;;;;;;;;;;;;;;;;;;;;;;;;;;;;;;;;;;;;;;;;0;0;0;;;;;;;;0;;;;;;;0;0;0;;;;
100;USCU_L02;US;Toys4U;;Wilmington;19801;DE;CBK02;;;;;23645;TOYS4U;;WILMINGTON;Company;;;;0;0;;91;0;;08.10.2017;BPINST;;;;;;;KUNA;;;;;;;;;NEW CASTLE;;;;;;;EN;;0;;;;;;;;;;;;;;;;;;;;;;;0;0;;0;0;;;;;;;;;;;;0;DE00000000;;;;;;;;;;X;0;;;;;;;;;;;;;;;;;;;;;;;;;;;;;;;;;;;00:00:00;;;;;;;;;0;;;;0;;;;;;;;;0;;;;0;;;0;0;;;;;;;;;;;;;;;;;;;;;;;;;;;;;;;;;;;;;;;;;;;;;;;;0;0;0;;;;;;;;0;;;;;;;0;0;0;;;;
100;USCU_L03;US;Viadox;;Baltimore;21202;MD;CBK03;;;;;23646;VIADOX;;BALTIMORE;Company;;;;0;0;;91;0;;08.10.2017;BPINST;;;;;;;KUNA;;;;;;;;;BALTIMORE (IND CITY);;;;;;;EN;;0;;;;;;;;;;;;;;;;;;;;;;;0;0;;0;0;;;;;;;;;;;;0;MD00000000;;;;;;;;;;X;0;;;;;;;;;;;;;;;;;;;;;;;;;;;;;;;;;;;00:00:00;;;;;;;;;0;;;;0;;;;;;;;;0;;;;0;;;0;0;;;;;;;;;;;;;;;;;;;;;;;;;;;;;;;;;;;;;;;;;;;;;;;;0;0;0;;;;;;;;0;;;;;;;0;0;0;;;;
100;USCU_L04;US;Quotex;;RALEIGH;27603;NC;CBK10;;;;;23647;QUOTEX;;RALEIGH;Company;;;;0;0;;91;0;;08.10.2017;BPINST;;;;;;;KUNA;;;;;;;;;DURHAM;;;;;;;EN;;0;;;;;;;;;;;;;;;;;;;;;;;0;0;;0;0;;;;;;;;;;;;0;NC00000000;;;;;;;;;;X;0;;;;;;;;;;;;;;;;;;;;;;;;;;;;;;;;;;;00:00:00;;;;;;;;;0;;;;0;;;;;;;;;0;;;;0;;;0;0;;;;;;;;;;;;;;;;;;;;;;;;;;;;;;;;;;;;;;;;;;;;;;;;0;0;0;;;;;;;;0;;;;;;;0;0;0;;;;
100;USCU_L05;US;Bluestar Corp;;CHARLESTON;29401;SC;CBK11;;;;;23648;BLUESTAR CORP;;CHARLESTON;Company;;;;0;0;;91;0;;08.10.2017;BPINST;;;;;;;KUNA;;;;;;;;;BERKELEY;;;;;;;EN;;0;;;;;;;;;;;;;;;;;;;;;;;0;0;;0;0;;;;;;;;;;;;0;SC00000000;;;;;;;;;;X;0;;;;;;;;;;;;;;;;;;;;;;;;;;;;;;;;;;;00:00:00;;;;;;;;;0;;;;0;;;;;;;;;0;;;;0;;;0;0;;;;;;;;;;;;;;;;;;;;;;;;;;;;;;;;;;;;;;;;;;;;;;;;0;0;0;;;;;;;;0;;;;;;;0;0;0;;;;
100;USCU_L06;US;Dexon;;NASHVILLE;37201;TN;CBK12;;;;;23649;DEXON;;NASHVILLE;Company;;;;0;0;;91;0;;08.10.2017;BPINST;;;;;;;KUNA;;;;;;;;;DAVIDSON;;;;;;;EN;;0;;;;;;;;;;;;;;;;;;;;;;;0;0;;0;0;;;;;;;;;;;;0;TN00000000;;;;;;;;;;X;0;;;;;;;;;;;;;;;;;;;;;;;;;;;;;;;;;;;00:00:00;;;;;;;;;0;;;;0;;;;;;;;;0;;;;0;;;0;0;;;;;;;;;;;;;;;;;;;;;;;;;;;;;;;;;;;;;;;;;;;;;;;;0;0;0;;;;;;;;0;;;;;;;0;0;0;;;;
100;USCU_L07;US;Interlude Inc;;MIAMI;33128;FL;CBK13;;;;;23650;INTERLUDE INC;;MIAMI;Company;;;;0;0;;91;0;;08.10.2017;BPINST;;;;;;;KUNA;;;;;;;;;MIAMI-DADE;;;;;;;EN;;0;;;;;;;;;;;;;;;;;;;;;;;0;0;;0;0;;;;;;;;;;;;0;FL00000000;;;;;;;;;;X;0;;;;;;;;;;;;;;;;;;;;;;;;;;;;;;;;;;;00:00:00;;;;;;;;;0;;;;0;;;;;;;;;0;;;;0;;;0;0;;;;;;;;;;;;;;;;;;;;;;;;;;;;;;;;;;;;;;;;;;;;;;;;0;0;0;;;;;;;;0;;;;;;;0;0;0;;;;
100;USCU_L08;US;Veracity;;ATLANTA;30303;GA;CBK14;;;;;23651;VERACITY;;ATLANTA;Company;;;;0;0;;91;0;;08.10.2017;BPINST;;;;;;;KUNA;;;;;;;;;FULTON;;;;;;;EN;;0;;;;;;;;;;;;;;;;;;;;;;;0;0;;0;0;;;;;;;;;;;;0;GA00000000;;;;;;;;;;X;0;;;;;;;;;;;;;;;;;;;;;;;;;;;;;;;;;;;00:00:00;;;;;;;;;0;;;;0;;;;;;;;;0;;;;0;;;0;0;;;;;;;;;;;;;;;;;;;;;;;;;;;;;;;;;;;;;;;;;;;;;;;;0;0;0;;;;;;;;0;;;;;;;0;0;0;;;;
100;USCU_L09;US;Bigmart;;DETROIT;48226;MI;CBK22;;;;;23652;BIGMART;;DETROIT;Company;;;;0;0;;91;0;;08.10.2017;BPINST;;;;;;;KUNA;;;;;;;;;WAYNE;;;;;;;EN;;0;;;;;;;;;;;;;;;;;;;;;;;0;0;;0;0;;;;;;;;;;;;0;MI00000000;;;;;;;;;;X;0;;;;;;;;;;;;;;;;;;;;;;;;;;;;;;;;;;;00:00:00;;;;;;;;;0;;;;0;;;;;;;;;0;;;;0;;;0;0;;;;;;;;;;;;;;;;;;;;;;;;;;;;;;;;;;;;;;;;;;;;;;;;0;0;0;;;;;;;;0;;;;;;;0;0;0;;;;
100;USCU_L10;US;CostClub;;PUBLIC SQUARE;44114;OH;CBK23;;;;;23653;COSTCLUB;;PUBLIC SQUARE;Company;;;;0;0;;91;0;;08.10.2017;BPINST;;;;;;;KUNA;;;;;;;;;CUYAHOGA;;;;;;;EN;;0;;;;;;;;;;;;;;;;;;;;;;;0;0;;0;0;;;;;;;;;;;;0;OH00000000;;;;;;;;;;X;0;;;;;;;;;;;;;;;;;;;;;;;;;;;;;;;;;;;00:00:00;;;;;;;;;0;;;;0;;;;;;;;;0;;;;0;;;0;0;;;;;;;;;;;;;;;;;;;;;;;;;;;;;;;;;;;;;;;;;;;;;;;;0;0;0;;;;;;;;0;;;;;;;0;0;0;;;;
100;USCU_S01;US;Performance Bikes;;Pittsburgh;15219;PA;CBK04;;;;;23654;PERFORMANCE BIKES;;PITTSBURGH;Company;;;;0;0;;42;0;;08.10.2017;BPINST;;;;;;;KUNA;;;;;;;;;ALLEGHENY;;;;;;;EN;;0;;;;;;;;;;;;;;;;;;;;;;;0;0;;0;0;;;;;;;;;;;;0;PA00000000;;;;;;;;;;X;0;;;;;;;;;;;;;;;;;;;;;;;;;;;;;;;;;;;00:00:00;;;;;;;;;0;;;;0;;;;;;;;;0;;;;0;;;0;0;;;;;;;;;;;;;;;;;;;;;;;;;;;;;;;;;;;;;;;;;;;;;;;;0;0;0;;;;;;;;0;;;;;;;0;0;0;;;;
100;USCU_S02;US;Custom Sports;;Boston;02109;MA;CBK05;;;;;23655;CUSTOM SPORTS;;BOSTON;Company;;;;0;0;;73;0;;08.10.2017;BPINST;;;;;;;KUNA;;;;;;;;;SUFFOLK;;;;;;;EN;;0;;;;;;;;;;;;;;;;;;;;;;;0;0;;0;0;;;;;;;;;;;;0;MA00000000;;;;;;;;;;X;0;;;;;;;;;;;;;;;;;;;;;;;;;;;;;;;;;;;00:00:00;;;;;;;;;0;;;;0;;;;;;;;;0;;;;0;;;0;0;;;;;;;;;;;;;;;;;;;;;;;;;;;;;;;;;;;;;;;;;;;;;;;;0;0;0;;;;;;;;0;;;;;;;0;0;0;;;;
100;USCU_S03;US;Eastside Bikes;;Greensburg;15601;PA;CBK06;;;;;23656;EASTSIDE BIKES;;GREENSBURG;Company;;;;0;0;;42;0;;08.10.2017;BPINST;;;;;;;KUNA;;;;;;;;;WESTMORELAND;;;;;;;EN;;0;;;;;;;;;;;;;;;;;;;;;;;0;0;;0;0;;;;;;;;;;;;0;PA00000000;;;;;;;;;;X;0;;;;;;;;;;;;;;;;;;;;;;;;;;;;;;;;;;;00:00:00;;;;;;;;;0;;;;0;;;;;;;;;0;;;;0;;;0;0;;;;;;;;;;;;;;;;;;;;;;;;;;;;;;;;;;;;;;;;;;;;;;;;0;0;0;;;;;;;;0;;;;;;;0;0;0;;;;
100;USCU_S04;US;Fit Cycles;;PORTLAND;04101;ME;CBK07;;;;;23657;FIT CYCLES;;PORTLAND;Company;;;;0;0;;42;0;;08.10.2017;BPINST;;;;;;;KUNA;;;;;;;;;CUMBERLAND;;;;;;;EN;;0;;;;;;;;;;;;;;;;;;;;;;;0;0;;0;0;;;;;;;;;;;;0;ME00000000;;;;;;;;;;X;0;;;;;;;;;;;;;;;;;;;;;;;;;;;;;;;;;;;00:00:00;;;;;;;;;0;;;;0;;;;;;;;;0;;;;0;;;0;0;;;;;;;;;;;;;;;;;;;;;;;;;;;;;;;;;;;;;;;;;;;;;;;;0;0;0;;;;;;;;0;;;;;;;0;0;0;;;;
100;USCU_S05;US;Greater Hartford Area;;HARTFORD;06103;CT;CBK08;;;;;23658;GREATER HARTFORD AREA;;HARTFORD;Company;;;;0;0;;91;0;;08.10.2017;BPINST;;;;;;;KUNA;;;;;;;;;HARTFORD;;;;;;;EN;;0;;;;;;;;;;;;;;;;;;;;;;;0;0;;0;0;;;;;;;;;;;;0;CT00000000;;;;;;;;;;X;0;;;;;;;;;;;;;;;;;;;;;;;;;;;;;;;;;;;00:00:00;;;;;;;;;0;;;;0;;;;;;;;;0;;;;0;;;0;0;;;;;;;;;;;;;;;;;;;;;;;;;;;;;;;;;;;;;;;;;;;;;;;;0;0;0;;;;;;;;0;;;;;;;0;0;0;;;;
100;USCU_S06;US;Hub & Spokes Inc;;MANHATTAN;10017;NY;CBK09;;;;;23659;HUB & SPOKES INC;;MANHATTAN;Company;;;;0;0;;41;0;;08.10.2017;BPINST;;;;;;;KUNA;;;;;;;;;NEW YORK;;;;;;;EN;;0;;;;;;;;;;;;;;;;;;;;;;;0;0;;0;0;;;;;;;;;;;;0;NY00000000;;;;;;;;;;X;0;;;;;;;;;;;;;;;;;;;;;;;;;;;;;;;;;;;00:00:00;;;;;;;;;0;;;;0;;;;;;;;;0;;;;0;;;0;0;;;;;;;;;;;;;;;;;;;;;;;;;;;;;;;;;;;;;;;;;;;;;;;;0;0;0;;;;;;;;0;;;;;;;0;0;0;;;;
100;USCU_S07;US;Westend Cycles;;RALEIGH;27603;NC;CBK15;;;;;23660;WESTEND CYCLES;;RALEIGH;Company;;;;0;0;;42;0;;08.10.2017;BPINST;;;;;;;KUNA;;;;;;;;;DURHAM;;;;;;;EN;;0;;;;;;;;;;;;;;;;;;;;;;;0;0;;0;0;;;;;;;;;;;;0;NC00000000;;;;;;;;;;X;0;;;;;;;;;;;;;;;;;;;;;;;;;;;;;;;;;;;00:00:00;;;;;;;;;0;;;;0;;;;;;;;;0;;;;0;;;0;0;;;;;;;;;;;;;;;;;;;;;;;;;;;;;;;;;;;;;;;;;;;;;;;;0;0;0;;;;;;;;0;;;;;;;0;0;0;;;;
100;USCU_S08;US;Velocity Cycles;;CHARLESTON;29401;SC;CBK16;;;;;23661;VELOCITY CYCLES;;CHARLESTON;Company;;;;0;0;;42;0;;08.10.2017;BPINST;;;;;;;KUNA;;;;;;;;;BERKELEY;;;;;;;EN;;0;;;;;;;;;;;;;;;;;;;;;;;0;0;;0;0;;;;;;;;;;;;0;SC00000000;;;;;;;;;;X;0;;;;;;;;;;;;;;;;;;;;;;;;;;;;;;;;;;;00:00:00;;;;;;;;;0;;;;0;;;;;;;;;0;;;;0;;;0;0;;;;;;;;;;;;;;;;;;;;;;;;;;;;;;;;;;;;;;;;;;;;;;;;0;0;0;;;;;;;;0;;;;;;;0;0;0;;;;
100;USCU_S09;US;Greenhigh Bikes;;NASHVILLE;37201;TN;CBK17;;;;;23662;GREENHIGH BIKES;;NASHVILLE;Company;;;;0;0;;42;0;;08.10.2017;BPINST;;;;;;;KUNA;;;;;;;;;DAVIDSON;;;;;;;EN;;0;;;;;;;;;;;;;;;;;;;;;;;0;0;;0;0;;;;;;;;;;;;0;TN00000000;;;;;;;;;;X;0;;;;;;;;;;;;;;;;;;;;;;;;;;;;;;;;;;;00:00:00;;;;;;;;;0;;;;0;;;;;;;;;0;;;;0;;;0;0;;;;;;;;;;;;;;;;;;;;;;;;;;;;;;;;;;;;;;;;;;;;;;;;0;0;0;;;;;;;;0;;;;;;;0;0;0;;;;
100;USCU_S10;US;Turbo Bikes;;MIAMI;33128;FL;CBK18;;;;;23663;TURBO BIKES;;MIAMI;Company;;;;0;0;;42;0;;08.10.2017;BPINST;;;;;;;KUNA;;;;;;;;;MIAMI-DADE;;;;;;;EN;;0;;;;;;;;;;;;;;;;;;;;;;;0;0;;0;0;;;;;;;;;;;;0;FL00000000;;;;;;;;;;X;0;;;;;;;;;;;;;;;;;;;;;;;;;;;;;;;;;;;00:00:00;;;;;;;;;0;;;;0;;;;;;;;;0;;;;0;;;0;0;;;;;;;;;;;;;;;;;;;;;;;;;;;;;;;;;;;;;;;;;;;;;;;;0;0;0;;;;;;;;0;;;;;;;0;0;0;;;;
100;USCU_S11;US;Bike World;;ATLANTA;30303;GA;CBK19;;;;;23664;BIKE WORLD;;ATLANTA;Company;;;;0;0;;42;0;;08.10.2017;BPINST;;;;;;;KUNA;;;;;;;;;FULTON;;;;;;;EN;;0;;;;;;;;;;;;;;;;;;;;;;;0;0;;0;0;;;;;;;;;;;;0;GA00000000;;;;;;;;;;X;0;;;;;;;;;;;;;;;;;;;;;;;;;;;;;;;;;;;00:00:00;;;;;;;;;0;;;;0;;;;;;;;;0;;;;0;;;0;0;;;;;;;;;;;;;;;;;;;;;;;;;;;;;;;;;;;;;;;;;;;;;;;;0;0;0;;;;;;;;0;;;;;;;0;0;0;;;;
100;USCU_S12;US;Century Cycles;;RICHMOND;23218;VA;CBK20;;;;;23665;CENTURY CYCLES;;RICHMOND;Company;;;;0;0;;42;0;;08.10.2017;BPINST;;;;;;;KUNA;;;;;;;;;CHESTERFIELD;;;;;;;EN;;0;;;;;;;;;;;;;;;;;;;;;;;0;0;;0;0;;;;;;;;;;;;0;VA00000000;;;;;;;;;;X;0;;;;;;;;;;;;;;;;;;;;;;;;;;;;;;;;;;;00:00:00;;;;;;;;;0;;;;0;;;;;;;;;0;;;;0;;;0;0;;;;;;;;;;;;;;;;;;;;;;;;;;;;;;;;;;;;;;;;;;;;;;;;0;0;0;;;;;;;;0;;;;;;;0;0;0;;;;
100;USCU_S13;US;Rolling Bike Shop;;MONTGOMERY;36104;AL;CBK21;;;;;23666;ROLLING BIKE SHOP;;MONTGOMERY;Company;;;;0;0;;42;0;;08.10.2017;BPINST;;;;;;;KUNA;;;;;;;;;MONTGOMERY;;;;;;;EN;;0;;;;;;;;;;;;;;;;;;;;;;;0;0;;0;0;;;;;;;;;;;;0;AL00000000;;;;;;;;;;X;0;;;;;;;;;;;;;;;;;;;;;;;;;;;;;;;;;;;00:00:00;;;;;;;;;0;;;;0;;;;;;;;;0;;;;0;;;0;0;;;;;;;;;;;;;;;;;;;;;;;;;;;;;;;;;;;;;;;;;;;;;;;;0;0;0;;;;;;;;0;;;;;;;0;0;0;;;;
100;USCU_S14;US;Cityscape Cycles;;CHICAGO;60602;IL;CBK24;;;;;23667;CITYSCAPE CYCLES;;CHICAGO;Company;;;;0;0;;42;0;;08.10.2017;BPINST;;;;;;;KUNA;;;;;;;;;COOK;;;;;;;EN;;0;;;;;;;;;;;;;;;;;;;;;;;0;0;;0;0;;;;;;;;;;;;0;IL00000000;;;;;;;;;;X;0;;;;;;;;;;;;;;;;;;;;;;;;;;;;;;;;;;;00:00:00;;;;;;;;;0;;;;0;;;;;;;;;0;;;;0;;;0;0;;;;;;;;;;;;;;;;;;;;;;;;;;;;;;;;;;;;;;;;;;;;;;;;0;0;0;;;;;;;;0;;;;;;;0;0;0;;;;
100;USCU_S15;US;Northside Bikes;;DES MOINES;50306;IA;CBK25;;;;;23668;NORTHSIDE BIKES;;DES MOINES;Company;;;;0;0;;42;0;;08.10.2017;BPINST;;;;;;;KUNA;;;;;;;;;POLK;;;;;;;EN;;0;;;;;;;;;;;;;;;;;;;;;;;0;0;;0;0;;;;;;;;;;;;0;IA00000000;;;;;;;;;;X;0;;;;;;;;;;;;;;;;;;;;;;;;;;;;;;;;;;;00:00:00;;;;;;;;;0;;;;0;;;;;;;;;0;;;;0;;;0;0;;;;;;;;;;;;;;;;;;;;;;;;;;;;;;;;;;;;;;;;;;;;;;;;0;0;0;;;;;;;;0;;;;;;;0;0;0;;;;
100;USCU_S16;US;Gogo Bikes;;Milwaukee;53202;WI;CBK26;;;;;23669;GOGO BIKES;;MILWAUKEE;Company;;;;0;0;;42;0;;08.10.2017;BPINST;;;;;;;KUNA;;;;;;;;;MILWAUKEE;;;;;;;EN;;0;;;;;;;;;;;;;;;;;;;;;;;0;0;;0;0;;;;;;;;;;;;0;WI00000000;;;;;;;;;;X;0;;;;;;;;;;;;;;;;;;;;;;;;;;;;;;;;;;;00:00:00;;;;;;;;;0;;;;0;;;;;;;;;0;;;;0;;;0;0;;;;;;;;;;;;;;;;;;;;;;;;;;;;;;;;;;;;;;;;;;;;;;;;0;0;0;;;;;;;;0;;;;;;;0;0;0;;;;
100;USCU_S17;US;Bikepros;;Minneapolis;55432;MN;CBK27;;;;;23670;BIKEPROS;;MINNEAPOLIS;Company;;;;0;0;;42;0;;08.10.2017;BPINST;;;;;;;KUNA;;;;;;;;;ANOKA;;;;;;;EN;;0;;;;;;;;;;;;;;;;;;;;;;;0;0;;0;0;;;;;;;;;;;;0;MN00000000;;;;;;;;;;X;0;;;;;;;;;;;;;;;;;;;;;;;;;;;;;;;;;;;00:00:00;;;;;;;;;0;;;;0;;;;;;;;;0;;;;0;;;0;0;;;;;;;;;;;;;;;;;;;;;;;;;;;;;;;;;;;;;;;;;;;;;;;;0;0;0;;;;;;;;0;;;;;;;0;0;0;;;;
100;17411730;DE;Neukunde;;;;;;;;;;23671;;;;;;;;0;0;;;0;;05.08.2020;;;;;;;;;;;;;;;;;;;;;;;;;;;;;;;;;;;;;;;;;;;;;;;;;;;;;;;;;;;;;;;;;;;;;;;;;;;;;;;;;;;;;;;;;;;;;;;;;;;;;;;;;;;;;;;;;;;;;;;;;;;;;;;;;;;;;;;;;;;;;;;;;;;;;;;;;;;;;;;;;;;;;;;;;;;;;;;;;;;;;;;;;;;;;;;;;;;;;;;;;;;;;;;;;;;;;